{
    "keep": {
        "days": false,
        "amount": 30
    },
    "auditLog": "D:\\Akshay\\Project\\sri-backend-ts\\src\\logs\\error\\.133f5a34b833982ad2f6fe8bfd7ba1a235035613-audit.json",
    "files": [
        {
            "date": 1652618073665,
            "name": "D:\\Akshay\\Project\\sri-backend-ts\\src\\logs\\error\\2022-05-15.log",
            "hash": "f375c2e8987cad96b73432c551da04bb"
        },
        {
            "date": 1652709778613,
            "name": "D:\\Akshay\\Project\\sri-backend-ts\\src\\logs\\error\\2022-05-16.log",
            "hash": "0702d98b88b2a712493567a3a6eca04e"
        },
        {
            "date": 1652785382015,
            "name": "D:\\Akshay\\Project\\sri-backend-ts\\src\\logs\\error\\2022-05-17.log",
            "hash": "bde7539a2cc99f858d9f2a991735de64"
        },
        {
            "date": 1652880890027,
            "name": "D:\\Akshay\\Project\\sri-backend-ts\\src\\logs\\error\\2022-05-18.log",
            "hash": "2b0c0d3148568067f04829a2bf082b5d"
        },
        {
            "date": 1653719543390,
            "name": "D:\\Akshay\\Project\\sri-backend-ts\\src\\logs\\error\\2022-05-28.log",
            "hash": "329d9854f29545da43ec3405f9c41004"
        },
        {
            "date": 1653922737895,
            "name": "D:\\Akshay\\Project\\sri-backend-ts\\src\\logs\\error\\2022-05-30.log",
            "hash": "6223912c3f84646d1b069fdd84684f37"
        },
        {
            "date": 1654007778740,
            "name": "D:\\Akshay\\Project\\sri-backend-ts\\src\\logs\\error\\2022-05-31.log",
            "hash": "ce1c4523e6febe4a2fed89c9ca5b07bb"
        },
        {
            "date": 1654278222120,
            "name": "D:\\Akshay\\Project\\sri-backend-ts\\src\\logs\\error\\2022-06-03.log",
            "hash": "d24acfb87d5772e17f15443369239e3b"
        },
        {
            "date": 1654322961355,
            "name": "D:\\Akshay\\Project\\sri-backend-ts\\src\\logs\\error\\2022-06-04.log",
            "hash": "ab396cfc5763036667f733e01d36777c"
        },
        {
            "date": 1656850900520,
            "name": "D:\\Akshay\\Project\\sri-backend-ts\\src\\logs\\error\\2022-07-03.log",
            "hash": "03720726b5500a674aa9615b2534f659232bfbb36d99e0cb3696f2ea034549dc"
        },
        {
            "date": 1656946098831,
            "name": "D:\\Akshay\\Project\\sri-backend-ts\\src\\logs\\error\\2022-07-04.log",
            "hash": "45525ef2a3f5bb65d519e30916b3d65e458ca5a78cbecf31023d7def022bf505"
        },
        {
            "date": 1658846597889,
            "name": "D:\\Akshay\\Project\\sri-backend-ts\\src\\logs\\error\\2022-07-26.log",
            "hash": "e12bdcb8ed0cff2b7962ea116c63c5e9e07d57308287fc1f011d9be9fc48b587"
        },
        {
            "date": 1659184221559,
            "name": "D:\\Akshay\\Project\\sri-backend-ts\\src\\logs\\error\\2022-07-30.log",
            "hash": "8b1e523112bff9913bfda85f81b3d5b691fdee498aba9fb22724584436e8eb5a"
        },
        {
            "date": 1659279758424,
            "name": "D:\\Akshay\\Project\\sri-backend-ts\\src\\logs\\error\\2022-07-31.log",
            "hash": "b8ccfbd6b7c365015eaf331edae7df30b7435ab56d6e30d526cf571053aeaa75"
        },
        {
            "date": 1659373111632,
            "name": "D:\\Akshay\\Project\\sri-backend-ts\\src\\logs\\error\\2022-08-01.log",
            "hash": "410edc8cec4dfa18bdde1ec5c05ac967a9cc0fc7ff893490e3667990c8d4c1ec"
        },
        {
            "date": 1659623559649,
            "name": "D:\\Akshay\\Project\\sri-backend-ts\\src\\logs\\error\\2022-08-04.log",
            "hash": "d544900a50ba532217cad969aa7f214a7941007b6d336df3eb2b3f7114bd1aaf"
        },
        {
            "date": 1659675007749,
            "name": "D:\\Akshay\\Project\\sri-backend-ts\\src\\logs\\error\\2022-08-05.log",
            "hash": "cc2047f37b230c719651cabdfc1f6d91e4be8720592c68bec4225c8b28142c7a"
        },
        {
            "date": 1660197190916,
            "name": "D:\\Akshay\\Project\\sri-backend-ts\\src\\logs\\error\\2022-08-11.log",
            "hash": "4fb72f0ab07dfc61610e4fee094c3b6924334b035bac1f3f297c0217becfaf32"
        },
        {
            "date": 1660287678319,
            "name": "D:\\Akshay\\Project\\sri-backend-ts\\src\\logs\\error\\2022-08-12.log",
            "hash": "617d003ef1632bc91b224a36f46b13938239e4a81133a144017ff25601289004"
        },
        {
            "date": 1661684668634,
            "name": "D:\\Akshay\\Project\\sri-backend-ts\\src\\logs\\error\\2022-08-28.log",
            "hash": "549b0226ebe12a75b3d39b27e5eea352c80f4143540c6d1526d5fabbeb8db9c4"
        }
    ],
    "hashType": "sha256"
}