{
    "keep": {
        "days": false,
        "amount": 30
    },
    "auditLog": "D:\\akshay\\project\\sri-backend-ts\\src\\logs\\error\\.69470f8b27b5d910bbfed7071669711287ce37dc-audit.json",
    "files": [
        {
            "date": 1652712002588,
            "name": "D:\\akshay\\project\\sri-backend-ts\\src\\logs\\error\\2022-05-16.log",
            "hash": "5a41056c0a23ce8e2de09e697eb39497"
        },
        {
            "date": 1653796336956,
            "name": "D:\\akshay\\project\\sri-backend-ts\\src\\logs\\error\\2022-05-29.log",
            "hash": "b99e02cb263c1a1df6bacfc011766770"
        },
        {
            "date": 1656839977441,
            "name": "D:\\akshay\\project\\sri-backend-ts\\src\\logs\\error\\2022-07-03.log",
            "hash": "62c5533ca2ebaa3f110ae82a77c7708bff030535eac8573da4bfb83e94fa882e"
        }
    ],
    "hashType": "sha256"
}