{
    "keep": {
        "days": false,
        "amount": 30
    },
    "auditLog": "D:\\akshay\\project\\sri-backend-ts\\src\\logs\\debug\\.c833ca63023665ef5896eafa0d2a6075531c5805-audit.json",
    "files": [
        {
            "date": 1652712002586,
            "name": "D:\\akshay\\project\\sri-backend-ts\\src\\logs\\debug\\2022-05-16.log",
            "hash": "a25ce24e6c09cc51563ed4d10ca61ec6"
        },
        {
            "date": 1653796336954,
            "name": "D:\\akshay\\project\\sri-backend-ts\\src\\logs\\debug\\2022-05-29.log",
            "hash": "59e3b6a1be0fddfc05feb1f6147c48b8"
        },
        {
            "date": 1656839977440,
            "name": "D:\\akshay\\project\\sri-backend-ts\\src\\logs\\debug\\2022-07-03.log",
            "hash": "a4fa15957b96ac360a8e82ae6f0118b55a0713d6a41bcf44296a3d6f84e0cf20"
        }
    ],
    "hashType": "sha256"
}