{
    "keep": {
        "days": false,
        "amount": 30
    },
    "auditLog": "D:\\Akshay\\Project\\sri-backend-ts\\src\\logs\\debug\\.f5abd8419b979fc7e06596881f749f0997c1d361-audit.json",
    "files": [
        {
            "date": 1652618073662,
            "name": "D:\\Akshay\\Project\\sri-backend-ts\\src\\logs\\debug\\2022-05-15.log",
            "hash": "ea0795d0c886349d40b30b3d5be181b8"
        },
        {
            "date": 1652709778611,
            "name": "D:\\Akshay\\Project\\sri-backend-ts\\src\\logs\\debug\\2022-05-16.log",
            "hash": "b81701c134b6d055cf1215376c6e9a5e"
        },
        {
            "date": 1652785382012,
            "name": "D:\\Akshay\\Project\\sri-backend-ts\\src\\logs\\debug\\2022-05-17.log",
            "hash": "4804bd4f3da8369557673a4c1d0cfed5"
        },
        {
            "date": 1652880890025,
            "name": "D:\\Akshay\\Project\\sri-backend-ts\\src\\logs\\debug\\2022-05-18.log",
            "hash": "42e4f793e790b6b86b9b0b8b7a482be5"
        },
        {
            "date": 1653719543388,
            "name": "D:\\Akshay\\Project\\sri-backend-ts\\src\\logs\\debug\\2022-05-28.log",
            "hash": "5f6dd8144c4e61d7c0325a3fbad6ceeb"
        },
        {
            "date": 1653922737893,
            "name": "D:\\Akshay\\Project\\sri-backend-ts\\src\\logs\\debug\\2022-05-30.log",
            "hash": "4b7cc950da25b61657a7c8d5971123d5"
        },
        {
            "date": 1654007778738,
            "name": "D:\\Akshay\\Project\\sri-backend-ts\\src\\logs\\debug\\2022-05-31.log",
            "hash": "82157e7ea2a00bfa4583980c9fcf1b04"
        },
        {
            "date": 1654278222115,
            "name": "D:\\Akshay\\Project\\sri-backend-ts\\src\\logs\\debug\\2022-06-03.log",
            "hash": "17e8f11e93835b968f4b444ea40c4411"
        },
        {
            "date": 1654322961353,
            "name": "D:\\Akshay\\Project\\sri-backend-ts\\src\\logs\\debug\\2022-06-04.log",
            "hash": "520dcb3c6960c5e8d74d8685bf6c361a"
        },
        {
            "date": 1656850900518,
            "name": "D:\\Akshay\\Project\\sri-backend-ts\\src\\logs\\debug\\2022-07-03.log",
            "hash": "027d8e3f26d53a59bb2bddade7ef54280569316b7ca400f71e8853606616bc86"
        },
        {
            "date": 1656946098829,
            "name": "D:\\Akshay\\Project\\sri-backend-ts\\src\\logs\\debug\\2022-07-04.log",
            "hash": "8c452a3a969c0d6d8c458456582e3bfff9fd85f387c96519ca64bfe45ecb241e"
        },
        {
            "date": 1658846597887,
            "name": "D:\\Akshay\\Project\\sri-backend-ts\\src\\logs\\debug\\2022-07-26.log",
            "hash": "8b51cca2ec38309d8cc932a3758550264a5cca29df1ae32efb3646ed587d0e19"
        },
        {
            "date": 1659184221558,
            "name": "D:\\Akshay\\Project\\sri-backend-ts\\src\\logs\\debug\\2022-07-30.log",
            "hash": "9c40b7c08b6fb4938aa9a632abd36d68a0a8348b583fe964507dc690e089081b"
        },
        {
            "date": 1659279758422,
            "name": "D:\\Akshay\\Project\\sri-backend-ts\\src\\logs\\debug\\2022-07-31.log",
            "hash": "2ffa9675e93b2b9d2c6d803b90bbed4437e79fc8b7ae6bb206fffe31a50aae9f"
        },
        {
            "date": 1659373111631,
            "name": "D:\\Akshay\\Project\\sri-backend-ts\\src\\logs\\debug\\2022-08-01.log",
            "hash": "e1d7f4dff5f4ffeca36d3b41f9707ad159a5c56c7beec663020fa8732b78eee2"
        },
        {
            "date": 1659623559647,
            "name": "D:\\Akshay\\Project\\sri-backend-ts\\src\\logs\\debug\\2022-08-04.log",
            "hash": "ccf10595bde1f6416a10a599d2a752da6ec9a910894d496b008f3c378460d8ac"
        },
        {
            "date": 1659675007747,
            "name": "D:\\Akshay\\Project\\sri-backend-ts\\src\\logs\\debug\\2022-08-05.log",
            "hash": "7f2df7889f2b8fd3ee3e29524b0a4114fab009a655693f8f496d827ed67c7d61"
        },
        {
            "date": 1660197190914,
            "name": "D:\\Akshay\\Project\\sri-backend-ts\\src\\logs\\debug\\2022-08-11.log",
            "hash": "5a00f61cf1268d803e1a763710752296f2bfe93de3aaa8159df1b28fb80a5bd7"
        },
        {
            "date": 1660287678317,
            "name": "D:\\Akshay\\Project\\sri-backend-ts\\src\\logs\\debug\\2022-08-12.log",
            "hash": "93475914ceb92827f07d591e37e890627885d756b19438d5bb0eccd5fc84238d"
        },
        {
            "date": 1661684668632,
            "name": "D:\\Akshay\\Project\\sri-backend-ts\\src\\logs\\debug\\2022-08-28.log",
            "hash": "3c16e42afc542788fb35c2588cce26562fd1ba2c325059fb56484a3a8bd51598"
        }
    ],
    "hashType": "sha256"
}